<?xml version="1.0" encoding="UTF-8"?>
<project xmlns="http://maven.apache.org/POM/4.0.0" xmlns:xsi="http://www.w3.org/2001/XMLSchema-instance" xsi:schemaLocation="http://maven.apache.org/POM/4.0.0 http://maven.apache.org/maven-v4_0_0.xsd">
  <modelVersion>4.0.0</modelVersion>
  <groupId>com.intix</groupId>
  <artifactId>Status</artifactId>
  <name>Intix Status App</name>
  <version>1.0</version>
  <url>http://maven.apache.org</url>
  <build>
    <plugins>
      <plugin>
        <artifactId>maven-shade-plugin</artifactId>
        <version>2.4.3</version>
        <executions>
          <execution>
            <phase>package</phase>
            <goals>
              <goal>shade</goal>
            </goals>
            <configuration>
              <transformers>
                <transformer>
                  <mainClass>com.intix.config.Launcher</mainClass>
                </transformer>
              </transformers>
            </configuration>
          </execution>
        </executions>
        <configuration>
          <finalName>Status-${project.version}</finalName>
        </configuration>
      </plugin>
    </plugins>
  </build>
  <repositories>
    <repository>
      <id>maven2-repository.java.net</id>
      <name>Java.net Repository for Maven</name>
      <url>http://download.java.net/maven/2/</url>
    </repository>
  </repositories>
  <dependencies>
    <dependency>
      <groupId>junit</groupId>
      <artifactId>junit</artifactId>
      <version>4.11</version>
      <scope>test</scope>
      <exclusions>
        <exclusion>
          <artifactId>hamcrest-core</artifactId>
          <groupId>org.hamcrest</groupId>
        </exclusion>
      </exclusions>
    </dependency>
  </dependencies>
  <properties>
    <maven.compiler.target>1.8</maven.compiler.target>
    <jersey.version>2.26</jersey.version>
    <maven.compiler.source>1.8</maven.compiler.source>
    <json.version>20180813</json.version>
    <project.build.sourceEncoding>UTF-8</project.build.sourceEncoding>
    <jetty.version>9.4.7.v20170914</jetty.version>
    <jackson.version>2.12.2</jackson.version>
  </properties>
</project>

